recency_candidate_id,model_id,season,season_label,games,accuracy,log_loss,brier_score,recency_selector_mode,recency_mode,recency_season_half_life,recency_game_half_life,recency_min_weight,recency_normalize_mean_one,recency_base_mode,recency_base_season_half_life,recency_base_game_half_life,recency_base_min_weight,recency_base_normalize_mean_one,nonlinear_model_backend,nonlinear_model_style,is_synthetic,data_source
single,blend_logistic_weighted_60_40,20172018,2017-2018,468,0.547009,0.687924,0.247349,static,game_exponential,1.5,800.0,0.2,True,game_exponential,1.5,800.0,0.2,True,lightgbm,gradient_boosted_trees,1,FABRICATED_SYNTHETIC_RANDOM_SEED_42
single,blend_logistic_weighted_60_40,20212022,2021-2022,1312,0.553354,0.693169,0.249734,static,game_exponential,1.5,800.0,0.2,True,game_exponential,1.5,800.0,0.2,True,lightgbm,gradient_boosted_trees,0,REAL_NHL_API_OR_DERIVED_FROM_REAL
single,blend_logistic_weighted_60_40,20222023,2022-2023,1312,0.585366,0.67469,0.240813,static,game_exponential,1.5,800.0,0.2,True,game_exponential,1.5,800.0,0.2,True,lightgbm,gradient_boosted_trees,0,REAL_NHL_API_OR_DERIVED_FROM_REAL
single,blend_logistic_weighted_60_40,20232024,2023-2024,1312,0.57622,0.671001,0.239158,static,game_exponential,1.5,800.0,0.2,True,game_exponential,1.5,800.0,0.2,True,lightgbm,gradient_boosted_trees,0,REAL_NHL_API_OR_DERIVED_FROM_REAL
single,blend_logistic_weighted_60_40,20242025,2024-2025,1312,0.590701,0.660483,0.234221,static,game_exponential,1.5,800.0,0.2,True,game_exponential,1.5,800.0,0.2,True,lightgbm,gradient_boosted_trees,0,REAL_NHL_API_OR_DERIVED_FROM_REAL
single,blend_logistic_weighted_60_40,20252026,2025-2026,1312,0.564787,0.67629,0.241861,static,game_exponential,1.5,800.0,0.2,True,game_exponential,1.5,800.0,0.2,True,lightgbm,gradient_boosted_trees,0,REAL_NHL_API_OR_DERIVED_FROM_REAL
single,blend_logistic_weighted_70_30,20172018,2017-2018,468,0.547009,0.688342,0.247525,static,game_exponential,1.5,800.0,0.2,True,game_exponential,1.5,800.0,0.2,True,lightgbm,gradient_boosted_trees,1,FABRICATED_SYNTHETIC_RANDOM_SEED_42
single,blend_logistic_weighted_70_30,20212022,2021-2022,1312,0.541159,0.694747,0.250595,static,game_exponential,1.5,800.0,0.2,True,game_exponential,1.5,800.0,0.2,True,lightgbm,gradient_boosted_trees,0,REAL_NHL_API_OR_DERIVED_FROM_REAL
single,blend_logistic_weighted_70_30,20222023,2022-2023,1312,0.573171,0.673216,0.240196,static,game_exponential,1.5,800.0,0.2,True,game_exponential,1.5,800.0,0.2,True,lightgbm,gradient_boosted_trees,0,REAL_NHL_API_OR_DERIVED_FROM_REAL
single,blend_logistic_weighted_70_30,20232024,2023-2024,1312,0.58003,0.668614,0.238041,static,game_exponential,1.5,800.0,0.2,True,game_exponential,1.5,800.0,0.2,True,lightgbm,gradient_boosted_trees,0,REAL_NHL_API_OR_DERIVED_FROM_REAL
single,blend_logistic_weighted_70_30,20242025,2024-2025,1312,0.591463,0.657944,0.233117,static,game_exponential,1.5,800.0,0.2,True,game_exponential,1.5,800.0,0.2,True,lightgbm,gradient_boosted_trees,0,REAL_NHL_API_OR_DERIVED_FROM_REAL
single,blend_logistic_weighted_70_30,20252026,2025-2026,1312,0.5625,0.674708,0.24118,static,game_exponential,1.5,800.0,0.2,True,game_exponential,1.5,800.0,0.2,True,lightgbm,gradient_boosted_trees,0,REAL_NHL_API_OR_DERIVED_FROM_REAL
single,blend_nonlinear_logistic_50_50,20172018,2017-2018,468,0.529915,0.720968,0.261826,static,game_exponential,1.5,800.0,0.2,True,game_exponential,1.5,800.0,0.2,True,lightgbm,gradient_boosted_trees,1,FABRICATED_SYNTHETIC_RANDOM_SEED_42
single,blend_nonlinear_logistic_50_50,20212022,2021-2022,1312,0.49314,0.732036,0.267979,static,game_exponential,1.5,800.0,0.2,True,game_exponential,1.5,800.0,0.2,True,lightgbm,gradient_boosted_trees,0,REAL_NHL_API_OR_DERIVED_FROM_REAL
single,blend_nonlinear_logistic_50_50,20222023,2022-2023,1312,0.559451,0.686959,0.246794,static,game_exponential,1.5,800.0,0.2,True,game_exponential,1.5,800.0,0.2,True,lightgbm,gradient_boosted_trees,0,REAL_NHL_API_OR_DERIVED_FROM_REAL
single,blend_nonlinear_logistic_50_50,20232024,2023-2024,1312,0.56936,0.672066,0.239906,static,game_exponential,1.5,800.0,0.2,True,game_exponential,1.5,800.0,0.2,True,lightgbm,gradient_boosted_trees,0,REAL_NHL_API_OR_DERIVED_FROM_REAL
single,blend_nonlinear_logistic_50_50,20242025,2024-2025,1312,0.592226,0.656664,0.232941,static,game_exponential,1.5,800.0,0.2,True,game_exponential,1.5,800.0,0.2,True,lightgbm,gradient_boosted_trees,0,REAL_NHL_API_OR_DERIVED_FROM_REAL
single,blend_nonlinear_logistic_50_50,20252026,2025-2026,1312,0.583841,0.689183,0.247674,static,game_exponential,1.5,800.0,0.2,True,game_exponential,1.5,800.0,0.2,True,lightgbm,gradient_boosted_trees,0,REAL_NHL_API_OR_DERIVED_FROM_REAL
single,blend_nonlinear_weighted_60_40,20172018,2017-2018,468,0.508547,0.727975,0.265389,static,game_exponential,1.5,800.0,0.2,True,game_exponential,1.5,800.0,0.2,True,lightgbm,gradient_boosted_trees,1,FABRICATED_SYNTHETIC_RANDOM_SEED_42
single,blend_nonlinear_weighted_60_40,20212022,2021-2022,1312,0.512195,0.724832,0.263886,static,game_exponential,1.5,800.0,0.2,True,game_exponential,1.5,800.0,0.2,True,lightgbm,gradient_boosted_trees,0,REAL_NHL_API_OR_DERIVED_FROM_REAL
single,blend_nonlinear_weighted_60_40,20222023,2022-2023,1312,0.563262,0.69609,0.25028,static,game_exponential,1.5,800.0,0.2,True,game_exponential,1.5,800.0,0.2,True,lightgbm,gradient_boosted_trees,0,REAL_NHL_API_OR_DERIVED_FROM_REAL
single,blend_nonlinear_weighted_60_40,20232024,2023-2024,1312,0.55564,0.684271,0.245304,static,game_exponential,1.5,800.0,0.2,True,game_exponential,1.5,800.0,0.2,True,lightgbm,gradient_boosted_trees,0,REAL_NHL_API_OR_DERIVED_FROM_REAL
single,blend_nonlinear_weighted_60_40,20242025,2024-2025,1312,0.578506,0.666594,0.237308,static,game_exponential,1.5,800.0,0.2,True,game_exponential,1.5,800.0,0.2,True,lightgbm,gradient_boosted_trees,0,REAL_NHL_API_OR_DERIVED_FROM_REAL
single,blend_nonlinear_weighted_60_40,20252026,2025-2026,1312,0.568598,0.697657,0.251206,static,game_exponential,1.5,800.0,0.2,True,game_exponential,1.5,800.0,0.2,True,lightgbm,gradient_boosted_trees,0,REAL_NHL_API_OR_DERIVED_FROM_REAL
single,blend_top2_fixed_50_50__elo_form_tuned__weighted_calibrated,20222023,2022-2023,1312,0.589939,0.670099,0.238448,static,game_exponential,1.5,800.0,0.2,True,game_exponential,1.5,800.0,0.2,True,lightgbm,gradient_boosted_trees,0,REAL_NHL_API_OR_DERIVED_FROM_REAL
single,blend_top2_fixed_50_50__elo_form_tuned__weighted_calibrated,20232024,2023-2024,1312,0.583079,0.673319,0.240291,static,game_exponential,1.5,800.0,0.2,True,game_exponential,1.5,800.0,0.2,True,lightgbm,gradient_boosted_trees,0,REAL_NHL_API_OR_DERIVED_FROM_REAL
single,blend_top2_fixed_50_50__logistic_engineered__elo_form_tuned,20242025,2024-2025,1312,0.599848,0.655871,0.232197,static,game_exponential,1.5,800.0,0.2,True,game_exponential,1.5,800.0,0.2,True,lightgbm,gradient_boosted_trees,0,REAL_NHL_API_OR_DERIVED_FROM_REAL
single,blend_top2_fixed_50_50__logistic_engineered__elo_form_tuned,20252026,2025-2026,1312,0.56936,0.676798,0.242141,static,game_exponential,1.5,800.0,0.2,True,game_exponential,1.5,800.0,0.2,True,lightgbm,gradient_boosted_trees,0,REAL_NHL_API_OR_DERIVED_FROM_REAL
single,blend_top2_fixed_50_50__nonlinear_tree__logistic_engineered,20172018,2017-2018,468,0.529915,0.720968,0.261826,static,game_exponential,1.5,800.0,0.2,True,game_exponential,1.5,800.0,0.2,True,lightgbm,gradient_boosted_trees,1,FABRICATED_SYNTHETIC_RANDOM_SEED_42
single,blend_top2_fixed_50_50__weighted_calibrated__elo_form_tuned,20212022,2021-2022,1312,0.616616,0.667519,0.236843,static,game_exponential,1.5,800.0,0.2,True,game_exponential,1.5,800.0,0.2,True,lightgbm,gradient_boosted_trees,0,REAL_NHL_API_OR_DERIVED_FROM_REAL
single,blend_top2_fixed_65_35__elo_form_tuned__weighted_calibrated,20222023,2022-2023,1312,0.592226,0.666615,0.236946,static,game_exponential,1.5,800.0,0.2,True,game_exponential,1.5,800.0,0.2,True,lightgbm,gradient_boosted_trees,0,REAL_NHL_API_OR_DERIVED_FROM_REAL
single,blend_top2_fixed_65_35__elo_form_tuned__weighted_calibrated,20232024,2023-2024,1312,0.583841,0.671316,0.239344,static,game_exponential,1.5,800.0,0.2,True,game_exponential,1.5,800.0,0.2,True,lightgbm,gradient_boosted_trees,0,REAL_NHL_API_OR_DERIVED_FROM_REAL
single,blend_top2_fixed_65_35__logistic_engineered__elo_form_tuned,20242025,2024-2025,1312,0.60061,0.653125,0.230976,static,game_exponential,1.5,800.0,0.2,True,game_exponential,1.5,800.0,0.2,True,lightgbm,gradient_boosted_trees,0,REAL_NHL_API_OR_DERIVED_FROM_REAL
single,blend_top2_fixed_65_35__logistic_engineered__elo_form_tuned,20252026,2025-2026,1312,0.568598,0.673653,0.240726,static,game_exponential,1.5,800.0,0.2,True,game_exponential,1.5,800.0,0.2,True,lightgbm,gradient_boosted_trees,0,REAL_NHL_API_OR_DERIVED_FROM_REAL
single,blend_top2_fixed_65_35__nonlinear_tree__logistic_engineered,20172018,2017-2018,468,0.519231,0.744248,0.271118,static,game_exponential,1.5,800.0,0.2,True,game_exponential,1.5,800.0,0.2,True,lightgbm,gradient_boosted_trees,1,FABRICATED_SYNTHETIC_RANDOM_SEED_42
single,blend_top2_fixed_65_35__weighted_calibrated__elo_form_tuned,20212022,2021-2022,1312,0.61128,0.675691,0.240477,static,game_exponential,1.5,800.0,0.2,True,game_exponential,1.5,800.0,0.2,True,lightgbm,gradient_boosted_trees,0,REAL_NHL_API_OR_DERIVED_FROM_REAL
single,blend_top2_validated__elo_form_tuned__weighted_calibrated,20222023,2022-2023,1312,0.59375,0.665886,0.236637,static,game_exponential,1.5,800.0,0.2,True,game_exponential,1.5,800.0,0.2,True,lightgbm,gradient_boosted_trees,0,REAL_NHL_API_OR_DERIVED_FROM_REAL
single,blend_top2_validated__elo_form_tuned__weighted_calibrated,20232024,2023-2024,1312,0.58003,0.671073,0.239222,static,game_exponential,1.5,800.0,0.2,True,game_exponential,1.5,800.0,0.2,True,lightgbm,gradient_boosted_trees,0,REAL_NHL_API_OR_DERIVED_FROM_REAL
single,blend_top2_validated__logistic_engineered__elo_form_tuned,20242025,2024-2025,1312,0.599848,0.655871,0.232197,static,game_exponential,1.5,800.0,0.2,True,game_exponential,1.5,800.0,0.2,True,lightgbm,gradient_boosted_trees,0,REAL_NHL_API_OR_DERIVED_FROM_REAL
single,blend_top2_validated__logistic_engineered__elo_form_tuned,20252026,2025-2026,1312,0.561738,0.673006,0.240452,static,game_exponential,1.5,800.0,0.2,True,game_exponential,1.5,800.0,0.2,True,lightgbm,gradient_boosted_trees,0,REAL_NHL_API_OR_DERIVED_FROM_REAL
single,blend_top2_validated__nonlinear_tree__logistic_engineered,20172018,2017-2018,468,0.517094,0.754056,0.274762,static,game_exponential,1.5,800.0,0.2,True,game_exponential,1.5,800.0,0.2,True,lightgbm,gradient_boosted_trees,1,FABRICATED_SYNTHETIC_RANDOM_SEED_42
single,blend_top2_validated__weighted_calibrated__elo_form_tuned,20212022,2021-2022,1312,0.612805,0.678999,0.241921,static,game_exponential,1.5,800.0,0.2,True,game_exponential,1.5,800.0,0.2,True,lightgbm,gradient_boosted_trees,0,REAL_NHL_API_OR_DERIVED_FROM_REAL
single,blend_top3_fixed_50_30_20__elo_form_tuned__weighted_calibrated__logistic_engineered,20222023,2022-2023,1312,0.603659,0.664085,0.235749,static,game_exponential,1.5,800.0,0.2,True,game_exponential,1.5,800.0,0.2,True,lightgbm,gradient_boosted_trees,0,REAL_NHL_API_OR_DERIVED_FROM_REAL
single,blend_top3_fixed_50_30_20__elo_form_tuned__weighted_calibrated__logistic_engineered,20232024,2023-2024,1312,0.589177,0.666778,0.237167,static,game_exponential,1.5,800.0,0.2,True,game_exponential,1.5,800.0,0.2,True,lightgbm,gradient_boosted_trees,0,REAL_NHL_API_OR_DERIVED_FROM_REAL
single,blend_top3_fixed_50_30_20__logistic_engineered__elo_form_tuned__weighted_calibrated,20242025,2024-2025,1312,0.602134,0.657036,0.232608,static,game_exponential,1.5,800.0,0.2,True,game_exponential,1.5,800.0,0.2,True,lightgbm,gradient_boosted_trees,0,REAL_NHL_API_OR_DERIVED_FROM_REAL
single,blend_top3_fixed_50_30_20__logistic_engineered__elo_form_tuned__weighted_calibrated,20252026,2025-2026,1312,0.570122,0.675955,0.241685,static,game_exponential,1.5,800.0,0.2,True,game_exponential,1.5,800.0,0.2,True,lightgbm,gradient_boosted_trees,0,REAL_NHL_API_OR_DERIVED_FROM_REAL
single,blend_top3_fixed_50_30_20__nonlinear_tree__logistic_engineered__weighted_calibrated,20172018,2017-2018,468,0.527778,0.717083,0.260548,static,game_exponential,1.5,800.0,0.2,True,game_exponential,1.5,800.0,0.2,True,lightgbm,gradient_boosted_trees,1,FABRICATED_SYNTHETIC_RANDOM_SEED_42
single,blend_top3_fixed_50_30_20__weighted_calibrated__elo_form_tuned__logistic_engineered,20212022,2021-2022,1312,0.605183,0.67403,0.240218,static,game_exponential,1.5,800.0,0.2,True,game_exponential,1.5,800.0,0.2,True,lightgbm,gradient_boosted_trees,0,REAL_NHL_API_OR_DERIVED_FROM_REAL
single,blend_top3_validated__elo_form_tuned__weighted_calibrated__logistic_engineered,20222023,2022-2023,1312,0.603659,0.664085,0.235749,static,game_exponential,1.5,800.0,0.2,True,game_exponential,1.5,800.0,0.2,True,lightgbm,gradient_boosted_trees,0,REAL_NHL_API_OR_DERIVED_FROM_REAL
single,blend_top3_validated__elo_form_tuned__weighted_calibrated__logistic_engineered,20232024,2023-2024,1312,0.589177,0.666778,0.237167,static,game_exponential,1.5,800.0,0.2,True,game_exponential,1.5,800.0,0.2,True,lightgbm,gradient_boosted_trees,0,REAL_NHL_API_OR_DERIVED_FROM_REAL
single,blend_top3_validated__logistic_engineered__elo_form_tuned__weighted_calibrated,20242025,2024-2025,1312,0.60061,0.657859,0.232986,static,game_exponential,1.5,800.0,0.2,True,game_exponential,1.5,800.0,0.2,True,lightgbm,gradient_boosted_trees,0,REAL_NHL_API_OR_DERIVED_FROM_REAL
single,blend_top3_validated__logistic_engineered__elo_form_tuned__weighted_calibrated,20252026,2025-2026,1312,0.570122,0.675955,0.241685,static,game_exponential,1.5,800.0,0.2,True,game_exponential,1.5,800.0,0.2,True,lightgbm,gradient_boosted_trees,0,REAL_NHL_API_OR_DERIVED_FROM_REAL
single,blend_top3_validated__nonlinear_tree__logistic_engineered__weighted_calibrated,20172018,2017-2018,468,0.527778,0.717083,0.260548,static,game_exponential,1.5,800.0,0.2,True,game_exponential,1.5,800.0,0.2,True,lightgbm,gradient_boosted_trees,1,FABRICATED_SYNTHETIC_RANDOM_SEED_42
single,blend_top3_validated__weighted_calibrated__elo_form_tuned__logistic_engineered,20212022,2021-2022,1312,0.605183,0.67403,0.240218,static,game_exponential,1.5,800.0,0.2,True,game_exponential,1.5,800.0,0.2,True,lightgbm,gradient_boosted_trees,0,REAL_NHL_API_OR_DERIVED_FROM_REAL
single,elo_form_tuned,20172018,2017-2018,468,0.510684,0.712626,0.259032,static,game_exponential,1.5,800.0,0.2,True,game_exponential,1.5,800.0,0.2,True,lightgbm,gradient_boosted_trees,1,FABRICATED_SYNTHETIC_RANDOM_SEED_42
single,elo_form_tuned,20212022,2021-2022,1312,0.616616,0.657629,0.232286,static,game_exponential,1.5,800.0,0.2,True,game_exponential,1.5,800.0,0.2,True,lightgbm,gradient_boosted_trees,0,REAL_NHL_API_OR_DERIVED_FROM_REAL
single,elo_form_tuned,20222023,2022-2023,1312,0.592226,0.666382,0.236795,static,game_exponential,1.5,800.0,0.2,True,game_exponential,1.5,800.0,0.2,True,lightgbm,gradient_boosted_trees,0,REAL_NHL_API_OR_DERIVED_FROM_REAL
single,elo_form_tuned,20232024,2023-2024,1312,0.587652,0.6746,0.240523,static,game_exponential,1.5,800.0,0.2,True,game_exponential,1.5,800.0,0.2,True,lightgbm,gradient_boosted_trees,0,REAL_NHL_API_OR_DERIVED_FROM_REAL
single,elo_form_tuned,20242025,2024-2025,1312,0.577744,0.677689,0.242226,static,game_exponential,1.5,800.0,0.2,True,game_exponential,1.5,800.0,0.2,True,lightgbm,gradient_boosted_trees,0,REAL_NHL_API_OR_DERIVED_FROM_REAL
single,elo_form_tuned,20252026,2025-2026,1312,0.535823,0.700845,0.253267,static,game_exponential,1.5,800.0,0.2,True,game_exponential,1.5,800.0,0.2,True,lightgbm,gradient_boosted_trees,0,REAL_NHL_API_OR_DERIVED_FROM_REAL
single,logistic_engineered,20172018,2017-2018,468,0.551282,0.690963,0.248621,static,game_exponential,1.5,800.0,0.2,True,game_exponential,1.5,800.0,0.2,True,lightgbm,gradient_boosted_trees,1,FABRICATED_SYNTHETIC_RANDOM_SEED_42
single,logistic_engineered,20212022,2021-2022,1312,0.501524,0.704913,0.255597,static,game_exponential,1.5,800.0,0.2,True,game_exponential,1.5,800.0,0.2,True,lightgbm,gradient_boosted_trees,0,REAL_NHL_API_OR_DERIVED_FROM_REAL
single,logistic_engineered,20222023,2022-2023,1312,0.571646,0.671966,0.23982,static,game_exponential,1.5,800.0,0.2,True,game_exponential,1.5,800.0,0.2,True,lightgbm,gradient_boosted_trees,0,REAL_NHL_API_OR_DERIVED_FROM_REAL
single,logistic_engineered,20232024,2023-2024,1312,0.587652,0.663602,0.235801,static,game_exponential,1.5,800.0,0.2,True,game_exponential,1.5,800.0,0.2,True,lightgbm,gradient_boosted_trees,0,REAL_NHL_API_OR_DERIVED_FROM_REAL
single,logistic_engineered,20242025,2024-2025,1312,0.598323,0.653247,0.231336,static,game_exponential,1.5,800.0,0.2,True,game_exponential,1.5,800.0,0.2,True,lightgbm,gradient_boosted_trees,0,REAL_NHL_API_OR_DERIVED_FROM_REAL
single,logistic_engineered,20252026,2025-2026,1312,0.559451,0.67377,0.240877,static,game_exponential,1.5,800.0,0.2,True,game_exponential,1.5,800.0,0.2,True,lightgbm,gradient_boosted_trees,0,REAL_NHL_API_OR_DERIVED_FROM_REAL
single,nonlinear_tree,20172018,2017-2018,468,0.517094,0.849857,0.302368,static,game_exponential,1.5,800.0,0.2,True,game_exponential,1.5,800.0,0.2,True,lightgbm,gradient_boosted_trees,1,FABRICATED_SYNTHETIC_RANDOM_SEED_42
single,nonlinear_tree,20212022,2021-2022,1312,0.480183,0.834775,0.303372,static,game_exponential,1.5,800.0,0.2,True,game_exponential,1.5,800.0,0.2,True,lightgbm,gradient_boosted_trees,0,REAL_NHL_API_OR_DERIVED_FROM_REAL
single,nonlinear_tree,20222023,2022-2023,1312,0.557927,0.755064,0.270569,static,game_exponential,1.5,800.0,0.2,True,game_exponential,1.5,800.0,0.2,True,lightgbm,gradient_boosted_trees,0,REAL_NHL_API_OR_DERIVED_FROM_REAL
single,nonlinear_tree,20232024,2023-2024,1312,0.55564,0.719796,0.257648,static,game_exponential,1.5,800.0,0.2,True,game_exponential,1.5,800.0,0.2,True,lightgbm,gradient_boosted_trees,0,REAL_NHL_API_OR_DERIVED_FROM_REAL
single,nonlinear_tree,20242025,2024-2025,1312,0.57622,0.681803,0.243458,static,game_exponential,1.5,800.0,0.2,True,game_exponential,1.5,800.0,0.2,True,lightgbm,gradient_boosted_trees,0,REAL_NHL_API_OR_DERIVED_FROM_REAL
single,nonlinear_tree,20252026,2025-2026,1312,0.574695,0.740817,0.265383,static,game_exponential,1.5,800.0,0.2,True,game_exponential,1.5,800.0,0.2,True,lightgbm,gradient_boosted_trees,0,REAL_NHL_API_OR_DERIVED_FROM_REAL
single,weighted_calibrated,20172018,2017-2018,468,0.540598,0.689711,0.248278,static,game_exponential,1.5,800.0,0.2,True,game_exponential,1.5,800.0,0.2,True,lightgbm,gradient_boosted_trees,1,FABRICATED_SYNTHETIC_RANDOM_SEED_42
single,weighted_calibrated,20212022,2021-2022,1312,0.58003,0.706275,0.253026,static,game_exponential,1.5,800.0,0.2,True,game_exponential,1.5,800.0,0.2,True,lightgbm,gradient_boosted_trees,0,REAL_NHL_API_OR_DERIVED_FROM_REAL
single,weighted_calibrated,20222023,2022-2023,1312,0.54497,0.719159,0.249683,static,game_exponential,1.5,800.0,0.2,True,game_exponential,1.5,800.0,0.2,True,lightgbm,gradient_boosted_trees,0,REAL_NHL_API_OR_DERIVED_FROM_REAL
single,weighted_calibrated,20232024,2023-2024,1312,0.542683,0.693391,0.249737,static,game_exponential,1.5,800.0,0.2,True,game_exponential,1.5,800.0,0.2,True,lightgbm,gradient_boosted_trees,0,REAL_NHL_API_OR_DERIVED_FROM_REAL
single,weighted_calibrated,20242025,2024-2025,1312,0.539634,0.68542,0.246208,static,game_exponential,1.5,800.0,0.2,True,game_exponential,1.5,800.0,0.2,True,lightgbm,gradient_boosted_trees,0,REAL_NHL_API_OR_DERIVED_FROM_REAL
single,weighted_calibrated,20252026,2025-2026,1312,0.518293,0.697764,0.252041,static,game_exponential,1.5,800.0,0.2,True,game_exponential,1.5,800.0,0.2,True,lightgbm,gradient_boosted_trees,0,REAL_NHL_API_OR_DERIVED_FROM_REAL
single,weighted_calibrated_isotonic,20172018,2017-2018,468,0.540598,0.689711,0.248278,static,game_exponential,1.5,800.0,0.2,True,game_exponential,1.5,800.0,0.2,True,lightgbm,gradient_boosted_trees,1,FABRICATED_SYNTHETIC_RANDOM_SEED_42
single,weighted_calibrated_isotonic,20212022,2021-2022,1312,0.58003,0.706275,0.253026,static,game_exponential,1.5,800.0,0.2,True,game_exponential,1.5,800.0,0.2,True,lightgbm,gradient_boosted_trees,0,REAL_NHL_API_OR_DERIVED_FROM_REAL
single,weighted_calibrated_isotonic,20222023,2022-2023,1312,0.54497,0.719159,0.249683,static,game_exponential,1.5,800.0,0.2,True,game_exponential,1.5,800.0,0.2,True,lightgbm,gradient_boosted_trees,0,REAL_NHL_API_OR_DERIVED_FROM_REAL
single,weighted_calibrated_isotonic,20232024,2023-2024,1312,0.542683,0.693391,0.249737,static,game_exponential,1.5,800.0,0.2,True,game_exponential,1.5,800.0,0.2,True,lightgbm,gradient_boosted_trees,0,REAL_NHL_API_OR_DERIVED_FROM_REAL
single,weighted_calibrated_isotonic,20242025,2024-2025,1312,0.556402,0.693808,0.24601,static,game_exponential,1.5,800.0,0.2,True,game_exponential,1.5,800.0,0.2,True,lightgbm,gradient_boosted_trees,0,REAL_NHL_API_OR_DERIVED_FROM_REAL
single,weighted_calibrated_isotonic,20252026,2025-2026,1312,0.518293,0.697764,0.252041,static,game_exponential,1.5,800.0,0.2,True,game_exponential,1.5,800.0,0.2,True,lightgbm,gradient_boosted_trees,0,REAL_NHL_API_OR_DERIVED_FROM_REAL
single,weighted_calibrated_platt,20172018,2017-2018,468,0.512821,0.690383,0.248665,static,game_exponential,1.5,800.0,0.2,True,game_exponential,1.5,800.0,0.2,True,lightgbm,gradient_boosted_trees,1,FABRICATED_SYNTHETIC_RANDOM_SEED_42
single,weighted_calibrated_platt,20212022,2021-2022,1312,0.560976,0.687741,0.246948,static,game_exponential,1.5,800.0,0.2,True,game_exponential,1.5,800.0,0.2,True,lightgbm,gradient_boosted_trees,0,REAL_NHL_API_OR_DERIVED_FROM_REAL
single,weighted_calibrated_platt,20222023,2022-2023,1312,0.540396,0.689638,0.248192,static,game_exponential,1.5,800.0,0.2,True,game_exponential,1.5,800.0,0.2,True,lightgbm,gradient_boosted_trees,0,REAL_NHL_API_OR_DERIVED_FROM_REAL
single,weighted_calibrated_platt,20232024,2023-2024,1312,0.533537,0.693465,0.250074,static,game_exponential,1.5,800.0,0.2,True,game_exponential,1.5,800.0,0.2,True,lightgbm,gradient_boosted_trees,0,REAL_NHL_API_OR_DERIVED_FROM_REAL
single,weighted_calibrated_platt,20242025,2024-2025,1312,0.539634,0.68542,0.246208,static,game_exponential,1.5,800.0,0.2,True,game_exponential,1.5,800.0,0.2,True,lightgbm,gradient_boosted_trees,0,REAL_NHL_API_OR_DERIVED_FROM_REAL
single,weighted_calibrated_platt,20252026,2025-2026,1312,0.519055,0.698103,0.252308,static,game_exponential,1.5,800.0,0.2,True,game_exponential,1.5,800.0,0.2,True,lightgbm,gradient_boosted_trees,0,REAL_NHL_API_OR_DERIVED_FROM_REAL
